Aldershot,C
Aldridge-Brownhills,C
Altrincham and Sale West,C
Amber Valley,C
Arundel and South Downs,C
Ashfield,Lab
Ashford,C
Ashton-under-Lyne,Lab
Aylesbury,C
Banbury,C
Barking,Lab
Barnsley Central,Lab
Barnsley East,Lab
Barrow and Furness,Lab
Basildon and Billericay,C
Basingstoke,C
Bassetlaw,Lab
Bath,LD
Batley and Spen,Lab
Battersea,C
Beaconsfield,C
Beckenham,C
Bedford,C
Bermondsey and Old Southwark,LD
Berwick-upon-Tweed,LD
Bethnal Green and Bow,Lab
Beverley and Holderness,C
Bexhill and Battle,C
Bexleyheath and Crayford,C
Birkenhead,Lab
"Birmingham, Edgbaston",Lab
"Birmingham, Erdington",Lab
"Birmingham, Hall Green",Lab
"Birmingham, Hodge Hill",Lab
"Birmingham, Ladywood",Lab
"Birmingham, Northfield",Lab
"Birmingham, Perry Barr",Lab
"Birmingham, Selly Oak",Lab
"Birmingham, Yardley",LD
Bishop Auckland,Lab
Blackburn,Lab
Blackley and Broughton,Lab
Blackpool North and Cleveleys,C
Blackpool South,Lab
Blaydon,Lab
Blyth Valley,Lab
Bognor Regis and Littlehampton,C
Bolsover,Lab
Bolton North East,Lab
Bolton South East,Lab
Bolton West,Lab
Bootle,Lab
Boston and Skegness,C
Bosworth,C
Bournemouth East,C
Bournemouth West,C
Bracknell,C
Bradford East,LD
Bradford South,Lab
Bradford West,Lab
Braintree,C
Brent Central,LD
Brent North,Lab
Brentford and Isleworth,C
Brentwood and Ongar,C
Bridgwater and West Somerset,C
Brigg and Goole,C
"Brighton, Kemptown",C
"Brighton, Pavilion",Green
Bristol East,Lab
Bristol North West,C
Bristol South,Lab
Bristol West,LD
Broadland,C
Bromley and Chislehurst,C
Bromsgrove,C
Broxbourne,C
Broxtowe,C
Buckingham,Speaker
Burnley,LD
Burton,C
Bury North,C
Bury South,Lab
Bury St Edmunds,C
Calder Valley,C
Camberwell and Peckham,Lab
Camborne and Redruth,C
Cambridge,LD
Cannock Chase,C
Canterbury,C
Carlisle,C
Carshalton and Wallington,LD
Castle Point,C
Central Devon,C
Central Suffolk and North Ipswich,C
Charnwood,C
Chatham and Aylesford,C
Cheadle,LD
Chelmsford,C
Chelsea and Fulham,C
Cheltenham,LD
Chesham and Amersham,C
Chesterfield,Lab
Chichester,C
Chingford and Woodford Green,C
Chippenham,LD
Chipping Barnet,C
Chorley,Lab
Christchurch,C
Cities of London and Westminster,C
City of Chester,C
City of Durham,Lab
Clacton,C
Cleethorpes,C
Colchester,LD
Colne Valley,C
Congleton,C
Copeland,Lab
Corby,C
Coventry North East,Lab
Coventry North West,Lab
Coventry South,Lab
Crawley,C
Crewe and Nantwich,C
Croydon Central,C
Croydon North,Lab
Croydon South,C
Dagenham and Rainham,Lab
Darlington,Lab
Dartford,C
Daventry,C
Denton and Reddish,Lab
Derby North,Lab
Derby South,Lab
Derbyshire Dales,C
Devizes,C
Dewsbury,C
Don Valley,Lab
Doncaster Central,Lab
Doncaster North,Lab
Dover,C
Dudley North,Lab
Dudley South,C
Dulwich and West Norwood,Lab
Ealing Central and Acton,C
Ealing North,Lab
"Ealing, Southall",Lab
Easington,Lab
East Devon,C
East Ham,Lab
East Hampshire,C
East Surrey,C
East Worthing and Shoreham,C
East Yorkshire,C
Eastbourne,LD
Eastleigh,LD
Eddisbury,C
Edmonton,Lab
Ellesmere Port and Neston,Lab
Elmet and Rothwell,C
Eltham,Lab
Enfield North,C
"Enfield, Southgate",C
Epping Forest,C
Epsom and Ewell,C
Erewash,C
Erith and Thamesmead,Lab
Esher and Walton,C
Exeter,Lab
Fareham,C
Faversham and Mid Kent,C
Feltham and Heston,Lab
Filton and Bradley Stoke,C
Finchley and Golders Green,C
Folkestone and Hythe,C
Forest of Dean,C
Fylde,C
Gainsborough,C
Garston and Halewood,Lab
Gateshead,Lab
Gedling,Lab
Gillingham and Rainham,C
Gloucester,C
Gosport,C
Grantham and Stamford,C
Gravesham,C
Great Grimsby,Lab
Great Yarmouth,C
Greenwich and Woolwich,Lab
Guildford,C
Hackney North and Stoke Newington,Lab
Hackney South and Shoreditch,Lab
Halesowen and Rowley Regis,C
Halifax,Lab
Haltemprice and Howden,C
Halton,Lab
Hammersmith,Lab
Hampstead and Kilburn,Lab
Harborough,C
Harlow,C
Harrogate and Knaresborough,C
Harrow East,C
Harrow West,Lab
Hartlepool,Lab
Harwich and North Essex,C
Hastings and Rye,C
Havant,C
Hayes and Harlington,Lab
Hazel Grove,LD
Hemel Hempstead,C
Hemsworth,Lab
Hendon,C
Henley,C
Hereford and South Herefordshire,C
Hertford and Stortford,C
Hertsmere,C
Hexham,C
Heywood and Middleton,Lab
High Peak,C
Hitchin and Harpenden,C
Holborn and St Pancras,Lab
Hornchurch and Upminster,C
Hornsey and Wood Green,LD
Horsham,C
Houghton and Sunderland South,Lab
Hove,C
Huddersfield,Lab
Huntingdon,C
Hyndburn,Lab
Ilford North,C
Ilford South,Lab
Ipswich,C
Isle of Wight,C
Islington North,Lab
Islington South and Finsbury,Lab
Jarrow,Lab
Keighley,C
Kenilworth and Southam,C
Kensington,C
Kettering,C
Kingston and Surbiton,LD
Kingston upon Hull East,Lab
Kingston upon Hull North,Lab
Kingston upon Hull West and Hessle,Lab
Kingswood,C
Knowsley,Lab
Lancaster and Fleetwood,C
Leeds Central,Lab
Leeds East,Lab
Leeds North East,Lab
Leeds North West,LD
Leeds West,Lab
Leicester East,Lab
Leicester South,Lab
Leicester West,Lab
Leigh,Lab
Lewes,LD
Lewisham East,Lab
Lewisham West and Penge,Lab
"Lewisham, Deptford",Lab
Leyton and Wanstead,Lab
Lichfield,C
Lincoln,C
"Liverpool, Riverside",Lab
"Liverpool, Walton",Lab
"Liverpool, Wavertree",Lab
"Liverpool, West Derby",Lab
Loughborough,C
Louth and Horncastle,C
Ludlow,C
Luton North,Lab
Luton South,Lab
Macclesfield,C
Maidenhead,C
Maidstone and The Weald,C
Makerfield,Lab
Maldon,C
Manchester Central,Lab
"Manchester, Gorton",Lab
"Manchester, Withington",LD
Mansfield,Lab
Meon Valley,C
Meriden,C
Mid Bedfordshire,C
Mid Derbyshire,C
Mid Dorset and North Poole,LD
Mid Norfolk,C
Mid Sussex,C
Mid Worcestershire,C
Middlesbrough,Lab
Middlesbrough South and East Cleveland,Lab
Milton Keynes North,C
Milton Keynes South,C
Mitcham and Morden,Lab
Mole Valley,C
Morecambe and Lunesdale,C
Morley and Outwood,Lab
New Forest East,C
New Forest West,C
Newark,C
Newbury,C
Newcastle upon Tyne Central,Lab
Newcastle upon Tyne East,Lab
Newcastle upon Tyne North,Lab
Newcastle-under-Lyme,Lab
Newton Abbot,C
"Normanton, Pontefract and Castleford",Lab
North Cornwall,LD
North Devon,LD
North Dorset,C
North Durham,Lab
North East Bedfordshire,C
North East Cambridgeshire,C
North East Derbyshire,Lab
North East Hampshire,C
North East Hertfordshire,C
North East Somerset,C
North Herefordshire,C
North Norfolk,LD
North Shropshire,C
North Somerset,C
North Swindon,C
North Thanet,C
North Tyneside,Lab
North Warwickshire,C
North West Cambridgeshire,C
North West Durham,Lab
North West Hampshire,C
North West Leicestershire,C
North West Norfolk,C
North Wiltshire,C
Northampton North,C
Northampton South,C
Norwich North,C
Norwich South,LD
Nottingham East,Lab
Nottingham North,Lab
Nottingham South,Lab
Nuneaton,C
Old Bexley and Sidcup,C
Oldham East and Saddleworth,Lab
Oldham West and Royton,Lab
Orpington,C
Oxford East,Lab
Oxford West and Abingdon,C
Pendle,C
Penistone and Stocksbridge,Lab
Penrith and The Border,C
Peterborough,C
"Plymouth, Moor View",Lab
"Plymouth, Sutton and Devonport",C
Poole,C
Poplar and Limehouse,Lab
Portsmouth North ,C
Portsmouth South,LD
Preston,Lab
Pudsey,C
Putney,C
Rayleigh and Wickford,C
Reading East,C
Reading West,C
Redcar,LD
Redditch,C
Reigate,C
Ribble Valley,C
Richmond (Yorks),C
Richmond Park,C
Rochdale,Lab
Rochester and Strood,C
Rochford and Southend East,C
Romford,C
Romsey and Southampton North,C
Rossendale and Darwen,C
Rother Valley,Lab
Rotherham,Lab
Rugby,C
"Ruislip, Northwood and Pinner",C
Runnymede and Weybridge,C
Rushcliffe,C
Rutland and Melton,C
Saffron Walden,C
Salford and Eccles,Lab
Salisbury,C
Scarborough and Whitby,C
Scunthorpe,Lab
Sedgefield,Lab
Sefton Central,Lab
Selby and Ainsty,C
Sevenoaks,C
Sheffield Central,Lab
Sheffield South East,Lab
"Sheffield, Brightside and Hillsborough",Lab
"Sheffield, Hallam",LD
"Sheffield, Heeley",Lab
Sherwood,C
Shipley,C
Shrewsbury and Atcham,C
Sittingbourne and Sheppey,C
Skipton and Ripon,C
Sleaford and North Hykeham,C
Slough,Lab
Solihull,LD
Somerton and Frome,LD
South Basildon and East Thurrock,C
South Cambridgeshire,C
South Derbyshire,C
South Dorset,C
South East Cambridgeshire,C
South East Cornwall,C
South Holland and The Deepings,C
South Leicestershire,C
South Norfolk,C
South Northamptonshire,C
South Ribble,C
South Shields,Lab
South Staffordshire,C
South Suffolk,C
South Swindon,C
South Thanet,C
South West Bedfordshire,C
South West Devon,C
South West Hertfordshire,C
South West Norfolk,C
South West Surrey,C
South West Wiltshire,C
"Southampton, Itchen",Lab
"Southampton, Test",Lab
Southend West,C
Southport,LD
Spelthorne,C
St Albans,C
St Austell and Newquay,LD
St Helens North,Lab
St Helens South and Whiston,Lab
St Ives,LD
Stafford,C
Staffordshire Moorlands,C
Stalybridge and Hyde,Lab
Stevenage,C
Stockport,Lab
Stockton North,Lab
Stockton South,C
Stoke-on-Trent Central,Lab
Stoke-on-Trent North,Lab
Stoke-on-Trent South,Lab
Stone,C
Stourbridge,C
Stratford-on-Avon,C
Streatham,Lab
Stretford and Urmston,Lab
Stroud,C
Suffolk Coastal,C
Sunderland Central,Lab
Surrey Heath,C
Sutton and Cheam,LD
Sutton Coldfield,C
Tamworth,C
Tatton,C
Taunton Deane,LD
Telford,Lab
Tewkesbury,C
The Cotswolds,C
The Wrekin,C
Thirsk and Malton,C
Thornbury and Yate,LD
Thurrock,C
Tiverton and Honiton,C
Tonbridge and Malling,C
Tooting,Lab
Torbay,LD
Torridge and West Devon,C
Totnes,C
Tottenham,Lab
Truro and Falmouth,C
Tunbridge Wells,C
Twickenham,LD
Tynemouth,Lab
Uxbridge and South Ruislip,C
Vauxhall,Lab
Wakefield,Lab
Wallasey,Lab
Walsall North,Lab
Walsall South,Lab
Walthamstow,Lab
Wansbeck,Lab
Wantage,C
Warley,Lab
Warrington North,Lab
Warrington South,C
Warwick and Leamington,C
Washington and Sunderland West,Lab
Watford,C
Waveney,C
Wealden,C
Weaver Vale,C
Wellingborough,C
Wells,LD
Welwyn Hatfield,C
Wentworth and Dearne,Lab
West Bromwich East,Lab
West Bromwich West,Lab
West Dorset,C
West Ham,Lab
West Lancashire,Lab
West Suffolk,C
West Worcestershire,C
Westminster North,Lab
Westmorland and Lonsdale,LD
Weston-Super-Mare,C
Wigan,Lab
Wimbledon,C
Winchester,C
Windsor,C
Wirral South,Lab
Wirral West,C
Witham,C
Witney,C
Woking,C
Wokingham,C
Wolverhampton North East,Lab
Wolverhampton South East,Lab
Wolverhampton South West,C
Worcester,C
Workington,Lab
Worsley and Eccles South,Lab
Worthing West,C
Wycombe,C
Wyre and Preston North,C
Wyre Forest,C
Wythenshawe and Sale East,Lab
Yeovil,LD
York Central,Lab
York Outer,C
Belfast East,Alliance
Belfast North,DUP
Belfast South,SDLP
Belfast West,SF
East Antrim,DUP
East Londonderry,DUP
Fermanagh and South Tyrone,SF
Foyle,SDLP
Lagan Valley,DUP
Mid Ulster,SF
Newry and Armagh,SF
North Antrim,DUP
North Down,Ind
South Antrim,DUP
South Down,SDLP
Strangford,DUP
Upper Bann,DUP
West Tyrone,SF
Aberdeen North,Lab
Aberdeen South,Lab
Airdrie and Shotts,Lab
Angus,SNP
Argyll and Bute,LD
"Ayr, Carrick and Cumnock",Lab
Banff and Buchan,SNP
"Berwickshire, Roxburgh and Selkirk",LD
"Caithness, Sutherland and Easter Ross",LD
Central Ayrshire,Lab
"Coatbridge, Chryston and Bellshill",Lab
"Cumbernauld, Kilsyth and Kirkintilloch East",Lab
Dumfries and Galloway,Lab
"Dumfriesshire, Clydesdale and Tweeddale",C
Dundee East,SNP
Dundee West,Lab
Dunfermline and West Fife,Lab
East Dunbartonshire,LD
"East Kilbride, Strathaven and Lesmahagow",Lab
East Lothian,Lab
East Renfrewshire,Lab
Edinburgh East,Lab
Edinburgh North and Leith,Lab
Edinburgh South,Lab
Edinburgh South West,Lab
Edinburgh West,LD
Na h-Eileanan an Iar,SNP
Falkirk,Lab
Glasgow Central,Lab
Glasgow East,Lab
Glasgow North,Lab
Glasgow North East,Lab
Glasgow North West,Lab
Glasgow South,Lab
Glasgow South West,Lab
Glenrothes,Lab
Gordon,LD
Inverclyde,Lab
"Inverness, Nairn, Badenoch and Strathspey",LD
Kilmarnock and Loudoun,Lab
Kirkcaldy and Cowdenbeath,Lab
Lanark and Hamilton East,Lab
Linlithgow and East Falkirk,Lab
Livingston,Lab
Midlothian,Lab
Moray,SNP
Motherwell and Wishaw,Lab
North Ayrshire and Arran,Lab
North East Fife,LD
Ochil and South Perthshire,Lab
Orkney and Shetland,LD
Paisley and Renfrewshire North,Lab
Paisley and Renfrewshire South,Lab
Perth and North Perthshire,SNP
"Ross, Skye and Lochaber",LD
Rutherglen and Hamilton West,Lab
Stirling,Lab
West Aberdeenshire and Kincardine,LD
West Dunbartonshire,Lab
Ynys Môn,Lab
Delyn,Lab
Alyn and Deeside,Lab
Wrexham,Lab
Llanelli,Lab
Gower,Lab
Swansea West,Lab
Swansea East,Lab
Aberavon,Lab
Cardiff Central,LD
Cardiff North,C
Rhondda,Lab
Torfaen,Lab
Monmouth,C
Newport East,Lab
Newport West,Lab
Arfon,PC
Aberconwy,C
Clwyd West,C
Vale of Clwyd,Lab
Dwyfor Meirionnydd,PC
Clwyd South,Lab
Montgomeryshire,C
Ceredigion,LD
Preseli Pembrokeshire,C
Carmarthen West and South Pembrokeshire,C
Carmarthen East and Dinefwr,PC
Brecon and Radnorshire,LD
Neath,Lab
Cynon Valley,Lab
Merthyr Tydfil and Rhymney,Lab
Blaenau Gwent,Lab
Bridgend,Lab
Ogmore,Lab
Pontypridd,Lab
Caerphilly,Lab
Islwyn,Lab
Vale of Glamorgan,C
Cardiff West,Lab
Cardiff South and Penarth,Lab